[
	{
		"Erwerbsstatus": "Selbständigerwerbende",
		"Männer": 52.5,
		"Frauen": 48.8,
		"Total": 51.4
	},
	{
		"Erwerbsstatus": "Arbeitnehmende in eigener Firma",
		"Männer": 49.1,
		"Frauen": 47.2,
		"Total": 48.9
	},
	{
		"Erwerbsstatus": "Mitarbeitende Familienmitglieder",
		"Männer": 47.4,
		"Frauen": 46.5,
		"Total": 47.1
	},
	{
		"Erwerbsstatus": "Arbeitnehmende",
		"Männer": 41.5,
		"Frauen": 40.3,
		"Total": 41.1
	},
	{
		"Erwerbsstatus": "Lehrlinge",
		"Männer": 30.1,
		"Frauen": 28.8,
		"Total": 29.5
	}
]
